sku,image_url
NTS1-GF-10,https://cdn.globalso.com/aolga-hk/385.jpg
NTS1-GF-10_2,https://cdn.globalso.com/aolga-hk/1195.jpg
NTS1-GF-10_3,https://cdn.globalso.com/aolga-hk/2118.jpg
NTS1-DF21,https://cdn.globalso.com/aolga-hk/未标题-1-32.jpg
NTS1-DF21_2,https://cdn.globalso.com/aolga-hk/未标题-114.jpg
NTS1-DF21_3,https://cdn.globalso.com/aolga-hk/21-1.jpg
NTS1-DF21_4,https://cdn.globalso.com/aolga-hk/21-4.jpg
NTS1-DF21_5,https://cdn.globalso.com/aolga-hk/21-2.jpg
NTS1-DF21_6,https://cdn.globalso.com/aolga-hk/21-3.jpg
NTS1-ZCY887-B,https://cdn.globalso.com/aolga-hk/87.jpg
NTS1-ZCY887-B_2,https://cdn.globalso.com/aolga-hk/714.jpg
NTS1-ZCY887-B_3,https://cdn.globalso.com/aolga-hk/1012.jpg
NTS1-ZCY887-B_4,https://cdn.globalso.com/aolga-hk/164.jpg
NTS1-ZCY887-B_5,https://cdn.globalso.com/aolga-hk/257.jpg
NTS1-DF23,https://cdn.globalso.com/aolga-hk/150.jpg
NTS1-DF23_2,https://cdn.globalso.com/aolga-hk/246.jpg
NTS1-DF23_3,https://cdn.globalso.com/aolga-hk/335.jpg
NTS1-DF23_4,https://cdn.globalso.com/aolga-hk/423.jpg
NTS1-RM-DF15,https://cdn.globalso.com/aolga-hk/961.jpg
NTS1-RM-DF15_2,https://cdn.globalso.com/aolga-hk/631.jpg
NTS1-RM-DF15_3,https://cdn.globalso.com/aolga-hk/DF15-灰色.jpg
NTS1-RM-DF15_4,https://cdn.globalso.com/aolga-hk/DF15-白色.jpg
NTS1-RM-DF11,https://cdn.globalso.com/aolga-hk/11-1.jpg
NTS1-RM-DF11_2,https://cdn.globalso.com/aolga-hk/AOLGA-Hair-Dryer-RM-DF11gray2.jpg
NTS1-RM-DF11_3,https://cdn.globalso.com/aolga-hk/11-8.jpg
NTS1-RM-DF11_4,https://cdn.globalso.com/aolga-hk/Hair-Dryer-RM-DF113.jpg
NTS1-RM-DF11_5,https://cdn.globalso.com/aolga-hk/AOLGA-Hair-Dryer-RM-DF11gray.jpg
NTS1-RM-DF11_6,https://cdn.globalso.com/aolga-hk/AOLGA-Hair-Dryer-RM-DF11white.jpg
NTS1-RM-DF11_7,https://cdn.globalso.com/aolga-hk/11-3.jpg
NTS1-RM-DF11_8,https://cdn.globalso.com/aolga-hk/11-4.jpg
NTS1-RM-DF11_9,https://cdn.globalso.com/aolga-hk/11-10.jpg
NTS1-RM-DF12,https://cdn.globalso.com/aolga-hk/12-1.jpg
NTS1-RM-DF12_2,https://cdn.globalso.com/aolga-hk/12-2.jpg
NTS1-RM-DF12_3,https://cdn.globalso.com/aolga-hk/未标题-111.jpg
NTS1-RM-DF06,https://cdn.globalso.com/aolga-hk/AOLGA-Hair-Dryer-RM-DF06.jpg
NTS1-RM-DF06_2,https://cdn.globalso.com/aolga-hk/AOLGA-Hair-Dryer-RM-DF062.jpg
NTS1-RM-DF06_3,https://cdn.globalso.com/aolga-hk/214.jpg
NTS1-RM-DF06_4,https://cdn.globalso.com/aolga-hk/未标题-13.jpg
NTS1-A1,https://cdn.globalso.com/aolga-hk/A11.jpg
NTS1-A1S,https://cdn.globalso.com/aolga-hk/165.jpg
NTS1-RCY-67588B,https://cdn.globalso.com/aolga-hk/RCY-67588.jpg
NTS1-RCY-67588B_2,https://cdn.globalso.com/aolga-hk/133.jpg
NTS1-RCY-67588B_3,https://cdn.globalso.com/aolga-hk/1112.jpg
NTS1-RCY-67588B_4,https://cdn.globalso.com/aolga-hk/66.jpg
NTS1-RCY-67588B_5,https://cdn.globalso.com/aolga-hk/413.jpg
NTS1-RCY-67588B_6,https://cdn.globalso.com/aolga-hk/108.jpg
NTS1-RCY-67588B_7,https://cdn.globalso.com/aolga-hk/129.jpg
NTS1-RCY-67588B_8,https://cdn.globalso.com/aolga-hk/229.jpg
NTS1-RCY-67588B_9,https://cdn.globalso.com/aolga-hk/313.jpg
NTS1-RCY-568,https://cdn.globalso.com/aolga-hk/AOLGA-Wall-Mounted-Hair-Dryer-RCY-568.jpg
NTS1-RCY-568_2,https://cdn.globalso.com/aolga-hk/59.jpg
NTS1-RCY-568_3,https://cdn.globalso.com/aolga-hk/231.jpg
NTS1-RCY-568_4,https://cdn.globalso.com/aolga-hk/416.jpg
NTS1-RCY-568_5,https://cdn.globalso.com/aolga-hk/315.jpg
NTS1-RCY-67220,https://cdn.globalso.com/aolga-hk/177.jpg
NTS1-67220-2,https://cdn.globalso.com/aolga-hk/179.jpg
NTS1-RCY-67600B,https://cdn.globalso.com/aolga-hk/175.jpg
NTS1-RCY-67300B,https://cdn.globalso.com/aolga-hk/173.jpg
NTS1-RCY-67600D,https://cdn.globalso.com/aolga-hk/未标题-124.jpg
NTS1-RCY-67480T,https://cdn.globalso.com/aolga-hk/未标题-125.jpg
NTS1-RCY-67480,https://cdn.globalso.com/aolga-hk/169.jpg
NTS1-D158,https://cdn.globalso.com/aolga-hk/D158黑色.jpg
NTS1-D158_2,https://cdn.globalso.com/aolga-hk/AOLGA-Wall-Mounted-Hair-Dryer-D158White.jpg
NTS1-D158_3,https://cdn.globalso.com/aolga-hk/127.jpg
NTS1-D158_4,https://cdn.globalso.com/aolga-hk/711.jpg
NTS1-D158_5,https://cdn.globalso.com/aolga-hk/228.jpg
NTS1-D158_6,https://cdn.globalso.com/aolga-hk/57.jpg
NTS1-D158_7,https://cdn.globalso.com/aolga-hk/85.jpg
NTS1-D158_8,https://cdn.globalso.com/aolga-hk/1114.jpg
NTS1-D158_9,https://cdn.globalso.com/aolga-hk/135.jpg
NTS1-D158_10,https://cdn.globalso.com/aolga-hk/142.jpg
NTS1-HD-887,https://cdn.globalso.com/aolga-hk/HD-887.jpg
NTS1-HD-872,https://cdn.globalso.com/aolga-hk/872-1.jpg
NTS1-HD-872_2,https://cdn.globalso.com/aolga-hk/872-2.jpg
NTS1-HD-872_3,https://cdn.globalso.com/aolga-hk/872-3.jpg
NTS1-QL-5920,https://cdn.globalso.com/aolga-hk/5920-1.jpg
NTS1-QL-5920_2,https://cdn.globalso.com/aolga-hk/5920-3.jpg
NTS1-C187,https://cdn.globalso.com/aolga-hk/167.jpg
NTS1-C309,https://cdn.globalso.com/aolga-hk/166.jpg
NTS1-C201,https://cdn.globalso.com/aolga-hk/201.jpg
NTS1-C203,https://cdn.globalso.com/aolga-hk/C203.jpg
NTS1-C203_2,https://cdn.globalso.com/aolga-hk/C203-1.jpg
NTS1-C189,https://cdn.globalso.com/aolga-hk/C189.jpg
NTS1-BY-5926,https://cdn.globalso.com/aolga-hk/254.jpg
NTS1-BY-5926_2,https://cdn.globalso.com/aolga-hk/162.jpg
NTS1-BY-5913,https://cdn.globalso.com/aolga-hk/252.jpg
NTS1-BY-5913_2,https://cdn.globalso.com/aolga-hk/160.jpg
NTS1-EKS07228E-3,https://cdn.globalso.com/aolga-hk/119.png
NTS1-EKS07228E-3_2,https://cdn.globalso.com/aolga-hk/214.png
NTS1-EKS07228E-3_3,https://cdn.globalso.com/aolga-hk/39.png
NTS1-EKS07228E-3_4,https://cdn.globalso.com/aolga-hk/45.png
NTS1-EKS07228E-3_5,https://cdn.globalso.com/aolga-hk/51.png
NTS1-LL-08P01,https://cdn.globalso.com/aolga-hk/LL-08P0112.png
NTS1-LL-08P01_2,https://cdn.globalso.com/aolga-hk/LL-08P0123.png
NTS1-LL-08P01_3,https://cdn.globalso.com/aolga-hk/LL-08P0131.png
NTS1-LL-08P01_4,https://cdn.globalso.com/aolga-hk/LL-08P0141.png
NTS1-LL-08P01_5,https://cdn.globalso.com/aolga-hk/LL-08P0151.png
NTS1-HOT-W20T,https://cdn.globalso.com/aolga-hk/186.jpg
NTS1-F-677T,https://cdn.globalso.com/aolga-hk/188.jpg
NTS1-EKS06227A-1,https://cdn.globalso.com/aolga-hk/1198.jpg
NTS1-EKS06227A-1_2,https://cdn.globalso.com/aolga-hk/2121.jpg
NTS1-EKS06227A-1_3,https://cdn.globalso.com/aolga-hk/439.jpg
NTS1-EKS06618XH-4S,https://cdn.globalso.com/aolga-hk/1196.jpg
NTS1-EKS06618XH-4S_2,https://cdn.globalso.com/aolga-hk/2119.jpg
NTS1-EKS06618XH-4S_3,https://cdn.globalso.com/aolga-hk/387.jpg
NTS1-LL-8516,https://cdn.globalso.com/aolga-hk/LL-8516.jpg
NTS1-GL-B04E5B,https://cdn.globalso.com/aolga-hk/5b.jpg
NTS1-GL-B04E5B_2,https://cdn.globalso.com/aolga-hk/54654.jpg
NTS1-GL-B04E5B_3,https://cdn.globalso.com/aolga-hk/5b2.jpg
NTS1-GL-B04E5B_4,https://cdn.globalso.com/aolga-hk/未标题-19.jpg
NTS1-GL-B04E5B_5,https://cdn.globalso.com/aolga-hk/5b3.jpg
NTS1-GL-B04E5B_6,https://cdn.globalso.com/aolga-hk/4864.jpg
NTS1-GL-B04E5B_7,https://cdn.globalso.com/aolga-hk/未标题-3.jpg
NTS1-GL-B04E5B_8,https://cdn.globalso.com/aolga-hk/5b4.jpg
NTS1-EKS06226B-1,https://cdn.globalso.com/aolga-hk/180.jpg
NTS1-EKS06226B-1_2,https://cdn.globalso.com/aolga-hk/258.jpg
NTS1-EKS06226B-1_3,https://cdn.globalso.com/aolga-hk/347.jpg
NTS1-XT-9S,https://cdn.globalso.com/aolga-hk/XT-9S.jpg
NTS1-XT-9S_2,https://cdn.globalso.com/aolga-hk/XT-9S2.jpg
NTS1-XT-9S_3,https://cdn.globalso.com/aolga-hk/Hd512fa412cf44326a1636b234264c0bch1.jpg
NTS1-XT-9S_4,https://cdn.globalso.com/aolga-hk/Hfea06e67ca1f4371ad26b9b70a9471224.jpg
NTS1-XT-9S_5,https://cdn.globalso.com/aolga-hk/微信图片_20201104180612.jpg
NTS1-EKS08125,https://cdn.globalso.com/aolga-hk/184.jpg
NTS1-EKS08125_2,https://cdn.globalso.com/aolga-hk/260.jpg
NTS1-EKS10108,https://cdn.globalso.com/aolga-hk/10108-1.jpg
NTS1-EKS10108_2,https://cdn.globalso.com/aolga-hk/10108-2.jpg
NTS1-EKS10108_3,https://cdn.globalso.com/aolga-hk/10108-3.jpg
NTS1-EKS10108_4,https://cdn.globalso.com/aolga-hk/10108-4.jpg
NTS1-FK-1623,https://cdn.globalso.com/aolga-hk/1-1.jpg
NTS1-FK-1623_2,https://cdn.globalso.com/aolga-hk/1-2.jpg
NTS1-FK-1623_3,https://cdn.globalso.com/aolga-hk/1-3.jpg
NTS1-FK-1623_4,https://cdn.globalso.com/aolga-hk/1-45.jpg
NTS1-FK-1623_5,https://cdn.globalso.com/aolga-hk/1-5.jpg
NTS1-FK-1623_6,https://cdn.globalso.com/aolga-hk/1-6.jpg
NTS1-LL-8710d,https://cdn.globalso.com/aolga-hk/330.jpg
NTS1-LL-8710d_2,https://cdn.globalso.com/aolga-hk/244.jpg
NTS1-LL-8710d_3,https://cdn.globalso.com/aolga-hk/96.jpg
NTS1-LL-8710d_4,https://cdn.globalso.com/aolga-hk/93.jpg
NTS1-K584PN,https://cdn.globalso.com/aolga-hk/187.jpg
NTS1-K105MN,https://cdn.globalso.com/aolga-hk/185.jpg
NTS1-HOT-YO8,https://cdn.globalso.com/aolga-hk/120385589382.jpg
NTS1-HOT-YO8_2,https://cdn.globalso.com/aolga-hk/78.jpg
NTS1-HOT-YO8_3,https://cdn.globalso.com/aolga-hk/2cdf.jpg
NTS1-HOT-YO8_4,https://cdn.globalso.com/aolga-hk/10.jpg
NTS1-HOT-YO8_5,https://cdn.globalso.com/aolga-hk/fdf.jpg
NTS1-HOT-YO8_6,https://cdn.globalso.com/aolga-hk/224.jpg
NTS1-HOT-W20,https://cdn.globalso.com/aolga-hk/713.jpg
NTS1-HOT-W20_2,https://cdn.globalso.com/aolga-hk/86.jpg
NTS1-HOT-W20_3,https://cdn.globalso.com/aolga-hk/92.jpg
NTS1-HOT-W20_4,https://cdn.globalso.com/aolga-hk/1010.jpg
NTS1-HOT-W15,https://cdn.globalso.com/aolga-hk/Hdcdc4cdfd0b74ca3aee637d9fb15a71bw1.jpg
NTS1-HOT-W15_2,https://cdn.globalso.com/aolga-hk/H4dbb3bdf70cc4847ba3deba1ad5d3f64p1.jpg
NTS1-HOT-W15_3,https://cdn.globalso.com/aolga-hk/Hbda8ff80ba67493c9da6f505054297dfg1.jpg
NTS1-HOT-W15_4,https://cdn.globalso.com/aolga-hk/Hca14a31e33ed410694267b6d64f8e73bl1.jpg
NTS1-HOT-W15_5,https://cdn.globalso.com/aolga-hk/Hd8c68266e62d4c83951e847d64cb900bO1.jpg
NTS1-AKT-008,https://cdn.globalso.com/aolga-hk/AKT-008.png
NTS1-AKT-007,https://cdn.globalso.com/aolga-hk/AKT-007（2）.png
NTS1-AKT-007_2,https://cdn.globalso.com/aolga-hk/AKT-007（1）.png
NTS1-AKT-006,https://cdn.globalso.com/aolga-hk/AKT-006（1）1.png
NTS1-AKT-006_2,https://cdn.globalso.com/aolga-hk/AKT-006（2）1.png
NTS1-AKT-005,https://cdn.globalso.com/aolga-hk/250.jpg
NTS1-AKT-005_2,https://cdn.globalso.com/aolga-hk/343.jpg
NTS1-AKT-005_3,https://cdn.globalso.com/aolga-hk/156.jpg
NTS1-AKT-003,https://cdn.globalso.com/aolga-hk/340.jpg
NTS1-AKT-003_2,https://cdn.globalso.com/aolga-hk/425.jpg
NTS1-AKT-003_3,https://cdn.globalso.com/aolga-hk/518.jpg
NTS1-AKT-A,https://cdn.globalso.com/aolga-hk/324.jpg
NTS1-AKT-A_2,https://cdn.globalso.com/aolga-hk/239.jpg
NTS1-AKT-A_3,https://cdn.globalso.com/aolga-hk/419.jpg
NTS1-AKT-A_4,https://cdn.globalso.com/aolga-hk/未标题-18.jpg
NTS1-AKT-J,https://cdn.globalso.com/aolga-hk/未标题-15.jpg
NTS1-AKT-J_2,https://cdn.globalso.com/aolga-hk/237.jpg
NTS1-AKT-J_3,https://cdn.globalso.com/aolga-hk/322.jpg
NTS1-CM-C08A,https://cdn.globalso.com/aolga-hk/120.png
NTS1-CM-C08A_2,https://cdn.globalso.com/aolga-hk/215.png
NTS1-CM-C08A_3,https://cdn.globalso.com/aolga-hk/310.png
NTS1-CM-C08A_4,https://cdn.globalso.com/aolga-hk/46.png
NTS1-CM-C08A_5,https://cdn.globalso.com/aolga-hk/52.png
NTS1-CM-C08A_6,https://cdn.globalso.com/aolga-hk/62.png
NTS1-ST-503D-2e,https://cdn.globalso.com/aolga-hk/503-1.jpg
NTS1-ST-503D-2e_2,https://cdn.globalso.com/aolga-hk/503-2.jpg
NTS1-ST-511,https://cdn.globalso.com/aolga-hk/517.jpg
NTS1-ST-511_2,https://cdn.globalso.com/aolga-hk/421.jpg
NTS1-ST-511_3,https://cdn.globalso.com/aolga-hk/329.jpg
NTS1-ST-511_4,https://cdn.globalso.com/aolga-hk/243.jpg
NTS1-ST-511_5,https://cdn.globalso.com/aolga-hk/511-3.jpg
NTS1-ST-511_6,https://cdn.globalso.com/aolga-hk/511-2.jpg
NTS1-ST-511_7,https://cdn.globalso.com/aolga-hk/ST-511.jpg
NTS1-AC-514K,https://cdn.globalso.com/aolga-hk/H11c9fbd8b77b43faae7165754544f2f78.jpg
NTS1-AC-514K_2,https://cdn.globalso.com/aolga-hk/H02718d96b0014b5fbe9f2d580a9b2e81l.jpg
NTS1-AC-514K_3,https://cdn.globalso.com/aolga-hk/H80554460727f48c39d34482f17089e223.jpg
NTS1-AC-514K_4,https://cdn.globalso.com/aolga-hk/AOLGA-Coffee-Machine-AC-514K6.jpg
NTS1-AC-514K_5,https://cdn.globalso.com/aolga-hk/AOLGA-Coffee-Machine-AC-514K3.jpg
NTS1-AC-514K_6,https://cdn.globalso.com/aolga-hk/AOLGA-Coffee-Machine-AC-514K2.jpg
NTS1-AC-505K,https://cdn.globalso.com/aolga-hk/189.jpg
NTS1-AC-507K,https://cdn.globalso.com/aolga-hk/190.jpg
NTS1-SC-50BLH(E),https://cdn.globalso.com/aolga-hk/193.jpg
NTS1-BC-50BLH(E),https://cdn.globalso.com/aolga-hk/192.jpg
NTS1-CB-40SAR,https://cdn.globalso.com/aolga-hk/191.jpg
NTS1-CB-40SAR_2,https://cdn.globalso.com/aolga-hk/261.jpg
NTS1-CB-40SAR_3,https://cdn.globalso.com/aolga-hk/348.jpg
NTS1-M-25A,https://cdn.globalso.com/aolga-hk/Absorption-Minibar-M-25A1.jpg
NTS1-M-25A_2,https://cdn.globalso.com/aolga-hk/Absorption-Minibar-M-25A（3）.jpg
NTS1-M-25A_3,https://cdn.globalso.com/aolga-hk/Absorption-Minibar-M-25A.jpg
NTS1-M-25A_4,https://cdn.globalso.com/aolga-hk/Absorption-Minibar-M-25A（2）.jpg
NTS1-M-30A,https://cdn.globalso.com/aolga-hk/Absorption-Minibar-M-30A4.jpg
NTS1-M-30A_2,https://cdn.globalso.com/aolga-hk/Absorption-Minibar-M-30A（3）2.jpg
NTS1-M-30A_3,https://cdn.globalso.com/aolga-hk/Absorption-Minibar-M-30A（2）.jpg
NTS1-M-30A_4,https://cdn.globalso.com/aolga-hk/Absorption-Minibar-M-30A（1）2.jpg
NTS1-M-40A,https://cdn.globalso.com/aolga-hk/Absorption-Minibar-M-40A（2）.jpg
NTS1-M-40A_2,https://cdn.globalso.com/aolga-hk/Absorption-Minibar-M-40A（6）.jpg
NTS1-M-40A_3,https://cdn.globalso.com/aolga-hk/Absorption-Minibar-M-40A（5）.jpg
NTS1-M-40A_4,https://cdn.globalso.com/aolga-hk/Absorption-Minibar-M-40A（4）.jpg
NTS1-M-40A_5,https://cdn.globalso.com/aolga-hk/Absorption-Minibar-M-40A（3）.jpg
NTS1-M-50A,https://cdn.globalso.com/aolga-hk/Absorption-Minibar-M-50A（4）.jpg
NTS1-M-50A_2,https://cdn.globalso.com/aolga-hk/Absorption-Minibar-M-50A（3）.jpg
NTS1-M-50A_3,https://cdn.globalso.com/aolga-hk/Absorption-Minibar-M-50A（2）.jpg
NTS1-M-50A_4,https://cdn.globalso.com/aolga-hk/Absorption-Minibar-M-50A.jpg
NTS1-M-50A_5,https://cdn.globalso.com/aolga-hk/Absorption-Minibar-M-50A（1）.jpg
NTS1-M-30B,https://cdn.globalso.com/aolga-hk/199.jpg
NTS1-M-40B,https://cdn.globalso.com/aolga-hk/1013.jpg
NTS1-M-22C,https://cdn.globalso.com/aolga-hk/Drawer-Minibar-M-22C.jpg
NTS1-M-22C_2,https://cdn.globalso.com/aolga-hk/Drawer-Minibar-M-22C（1）.jpg
NTS1-M-22C_3,https://cdn.globalso.com/aolga-hk/Drawer-Minibar-M-22C（2）.jpg
NTS1-M-25C/M-30C,https://cdn.globalso.com/aolga-hk/Absorption-Minibar-M-30A（4）1.jpg
NTS1-M-25C/M-30C_2,https://cdn.globalso.com/aolga-hk/Hotel-Absorption-Minibar-M-30C.jpg
NTS1-M-25C/M-30C_3,https://cdn.globalso.com/aolga-hk/Absorption-Minibar-M-30A（1）1.jpg
NTS1-M-25C/M-30C_4,https://cdn.globalso.com/aolga-hk/Absorption-Minibar-M-30A3.jpg
NTS1-M-25C/M-30C_5,https://cdn.globalso.com/aolga-hk/Hotel-Absorption-Minibar-M-30C（1）.jpg
NTS1-M-45C,https://cdn.globalso.com/aolga-hk/Drawer-Minibar-M-45C（1）.jpg
NTS1-M-45C_2,https://cdn.globalso.com/aolga-hk/Drawer-Minibar-M-45C（2）.jpg
NTS1-M-45C_3,https://cdn.globalso.com/aolga-hk/Drawer-Minibar-M-45C（3）.jpg
NTS1-M-45C_4,https://cdn.globalso.com/aolga-hk/Drawer-Minibar-M-45C（4）.jpg
NTS1-M-45C_5,https://cdn.globalso.com/aolga-hk/Drawer-Minibar-M-45C.jpg
NTS1-M-25T,https://cdn.globalso.com/aolga-hk/2510.jpg
NTS1-M-25T_2,https://cdn.globalso.com/aolga-hk/262.jpg
NTS1-M-40T,https://cdn.globalso.com/aolga-hk/194.jpg
NTS1-M-40T_2,https://cdn.globalso.com/aolga-hk/263.jpg
NTS1-M-30T,https://cdn.globalso.com/aolga-hk/30T.jpg
NTS1-M-25B,https://cdn.globalso.com/aolga-hk/197.jpg
NTS1-M-22BA,https://cdn.globalso.com/aolga-hk/1100.jpg
NTS1-M-22BA_2,https://cdn.globalso.com/aolga-hk/353.jpg
NTS1-M-22BA_3,https://cdn.globalso.com/aolga-hk/268.jpg
NTS1-M-22BC,https://cdn.globalso.com/aolga-hk/1101.jpg
NTS1-M-22BC_2,https://cdn.globalso.com/aolga-hk/269.jpg
NTS1-M-22BC_3,https://cdn.globalso.com/aolga-hk/354.jpg
NTS1-M-22BC_4,https://cdn.globalso.com/aolga-hk/427.jpg
NTS1-CB-20SA,https://cdn.globalso.com/aolga-hk/113.png
NTS1-CB-20SA_2,https://cdn.globalso.com/aolga-hk/28.png
NTS1-CB-30SA,https://cdn.globalso.com/aolga-hk/115.png
NTS1-CB-30SA_2,https://cdn.globalso.com/aolga-hk/210.png
NTS1-CB-40SA,https://cdn.globalso.com/aolga-hk/117.png
NTS1-CB-40SA_2,https://cdn.globalso.com/aolga-hk/212.png
NTS1-CB-45SA,https://cdn.globalso.com/aolga-hk/349.jpg
NTS1-CB-45SA_2,https://cdn.globalso.com/aolga-hk/264.jpg
NTS1-CB-45SA_3,https://cdn.globalso.com/aolga-hk/350.jpg
NTS1-CB-21SA,https://cdn.globalso.com/aolga-hk/196.jpg
NTS1-CB-21SA_2,https://cdn.globalso.com/aolga-hk/265.jpg
NTS1-CB-30SAF,https://cdn.globalso.com/aolga-hk/1102.jpg
NTS1-CB-30SAF_2,https://cdn.globalso.com/aolga-hk/270.jpg
NTS1-CB-40SAFN,https://cdn.globalso.com/aolga-hk/1104.jpg
NTS1-CB-40SAFN_2,https://cdn.globalso.com/aolga-hk/273.jpg
NTS1-SC-20SA,https://cdn.globalso.com/aolga-hk/114.png
NTS1-SC-20SA_2,https://cdn.globalso.com/aolga-hk/29.png
NTS1-SC-30SA,https://cdn.globalso.com/aolga-hk/116.png
NTS1-SC-30SA_2,https://cdn.globalso.com/aolga-hk/211.png
NTS1-SC-40SA,https://cdn.globalso.com/aolga-hk/118.png
NTS1-SC-40SA_2,https://cdn.globalso.com/aolga-hk/213.png
NTS1-SC-30SAF,https://cdn.globalso.com/aolga-hk/1103.jpg
NTS1-SC-30SAF_2,https://cdn.globalso.com/aolga-hk/271.jpg
NTS1-SC-40SAFN,https://cdn.globalso.com/aolga-hk/16.png
NTS1-SC-40SAFN_2,https://cdn.globalso.com/aolga-hk/25.png
NTS1-K-BE100,https://cdn.globalso.com/aolga-hk/1124.jpg
NTS1-K-BE100_2,https://cdn.globalso.com/aolga-hk/287.jpg
NTS1-K-BE100_3,https://cdn.globalso.com/aolga-hk/368.jpg
NTS1-K-DR200,https://cdn.globalso.com/aolga-hk/1130.jpg
NTS1-K-DR200_2,https://cdn.globalso.com/aolga-hk/292.jpg
NTS1-K-BE800,https://cdn.globalso.com/aolga-hk/1129.jpg
NTS1-K-BE800_2,https://cdn.globalso.com/aolga-hk/290.jpg
NTS1-K-BE800,https://cdn.globalso.com/aolga-hk/1128.jpg
NTS1-K-BE800_2,https://cdn.globalso.com/aolga-hk/289.jpg
NTS1-K-BE800_3,https://cdn.globalso.com/aolga-hk/369.jpg
NTS1-K-BE800_4,https://cdn.globalso.com/aolga-hk/434.jpg
NTS1-K-BE200,https://cdn.globalso.com/aolga-hk/288.jpg
NTS1-K-BE200_2,https://cdn.globalso.com/aolga-hk/1126.jpg
NTS1-K-BE200_3,https://cdn.globalso.com/aolga-hk/521.jpg
NTS1-K-BE200_4,https://cdn.globalso.com/aolga-hk/433.jpg
NTS1-K-JG002,https://cdn.globalso.com/aolga-hk/1121.jpg
NTS1-K-JG002_2,https://cdn.globalso.com/aolga-hk/285.jpg
NTS1-K-JG002_3,https://cdn.globalso.com/aolga-hk/366.jpg
NTS1-K-JG002_4,https://cdn.globalso.com/aolga-hk/432.jpg
NTS1-K-JG001,https://cdn.globalso.com/aolga-hk/1120.jpg
NTS1-K-JG001_2,https://cdn.globalso.com/aolga-hk/283.jpg
NTS1-K-JG001_3,https://cdn.globalso.com/aolga-hk/365.jpg
NTS1-K-BE003,https://cdn.globalso.com/aolga-hk/1119.jpg
NTS1-K-BE003_2,https://cdn.globalso.com/aolga-hk/360.jpg
NTS1-K-BE003_3,https://cdn.globalso.com/aolga-hk/364.jpg
NTS1-K-JG003,https://cdn.globalso.com/aolga-hk/1117.jpg
NTS1-K-JG003_2,https://cdn.globalso.com/aolga-hk/431.jpg
NTS1-K-JG003_3,https://cdn.globalso.com/aolga-hk/281.jpg
NTS1-K-JG003_4,https://cdn.globalso.com/aolga-hk/359.jpg
NTS1-K-FG800,https://cdn.globalso.com/aolga-hk/1109.jpg
NTS1-K-FG800_2,https://cdn.globalso.com/aolga-hk/358.jpg
NTS1-K-FG800_3,https://cdn.globalso.com/aolga-hk/280.jpg
NTS1-K-FG800_4,https://cdn.globalso.com/aolga-hk/430.jpg
NTS1-K-FG001,https://cdn.globalso.com/aolga-hk/1107.jpg
NTS1-K-FG001_2,https://cdn.globalso.com/aolga-hk/279.jpg
NTS1-K-FG001_3,https://cdn.globalso.com/aolga-hk/357.jpg
NTS1-K-FG001_4,https://cdn.globalso.com/aolga-hk/429.jpg
NTS1-K-FG003B,https://cdn.globalso.com/aolga-hk/1105.jpg
NTS1-K-FG003B_2,https://cdn.globalso.com/aolga-hk/356.jpg
NTS1-K-FG003B_3,https://cdn.globalso.com/aolga-hk/278.jpg
NTS1-K-FG003B_4,https://cdn.globalso.com/aolga-hk/355.jpg
NTS1-K-FG003B_5,https://cdn.globalso.com/aolga-hk/428.jpg
NTS1-K-FG003,https://cdn.globalso.com/aolga-hk/zhutu2.jpg
NTS1-K-FG003_2,https://cdn.globalso.com/aolga-hk/AOLGA-Electronic-Password-Safes-K-FG003（3）.jpg
NTS1-K-FG003_3,https://cdn.globalso.com/aolga-hk/AOLGA-Electronic-Password-Safes-K-FG003（5）.jpg
NTS1-K-FG003_4,https://cdn.globalso.com/aolga-hk/AOLGA-Electronic-Password-Safes-K-FG003（6）.jpg
NTS1-K-FG003_5,https://cdn.globalso.com/aolga-hk/AOLGA-Electronic-Password-Safes-K-FG003（2）.jpg
NTS1-K-JG003,https://cdn.globalso.com/aolga-hk/zhuti.jpg
NTS1-K-JG003_2,https://cdn.globalso.com/aolga-hk/AOLGA-Electronic-Password-Safes-K-JG003（5）.jpg
NTS1-K-JG003_3,https://cdn.globalso.com/aolga-hk/AOLGA-Electronic-Password-Safes-K-JG003（1）1.jpg
NTS1-K-JG003_4,https://cdn.globalso.com/aolga-hk/AOLGA-Electronic-Password-Safes-K-JG003（4）.jpg
NTS1-DT-02,https://cdn.globalso.com/aolga-hk/5665.jpg
NTS1-DT-01,https://cdn.globalso.com/aolga-hk/48666.jpg
NTS1-T21AE,https://cdn.globalso.com/aolga-hk/217.png
NTS1-T21AE_2,https://cdn.globalso.com/aolga-hk/123.png
NTS1-T21AE_3,https://cdn.globalso.com/aolga-hk/312.png
NTS1-T21AE_4,https://cdn.globalso.com/aolga-hk/48.png
NTS1-T21AE_5,https://cdn.globalso.com/aolga-hk/53.png
NTS1-MW-830,https://cdn.globalso.com/aolga-hk/122.png
NTS1-MW-830_2,https://cdn.globalso.com/aolga-hk/216.png
NTS1-MW-830_3,https://cdn.globalso.com/aolga-hk/311.png
NTS1-MW-830_4,https://cdn.globalso.com/aolga-hk/47.png
NTS1-SW-103,https://cdn.globalso.com/aolga-hk/310.jpg
NTS1-SW-103_2,https://cdn.globalso.com/aolga-hk/115.jpg
NTS1-SW-103_3,https://cdn.globalso.com/aolga-hk/218.jpg
NTS1-SW-103_4,https://cdn.globalso.com/aolga-hk/AOLGA-Electric-Steam-Iron-SW-103（1）.jpg
NTS1-SW-103_5,https://cdn.globalso.com/aolga-hk/AOLGA-Electric-Steam-Iron-SW-103（3）.jpg
NTS1-SW-103_6,https://cdn.globalso.com/aolga-hk/AOLGA-Electric-Steam-Iron-SW-103.jpg
NTS1-GT001,https://cdn.globalso.com/aolga-hk/48.jpg
NTS1-GT001_2,https://cdn.globalso.com/aolga-hk/39.jpg
NTS1-GT001_3,https://cdn.globalso.com/aolga-hk/Y21.jpg
NTS1-SW-605,https://cdn.globalso.com/aolga-hk/605-11.jpg
NTS1-SW-605_2,https://cdn.globalso.com/aolga-hk/605-2.jpg
NTS1-SW-605_3,https://cdn.globalso.com/aolga-hk/605-3.jpg
NTS1-SW-605_4,https://cdn.globalso.com/aolga-hk/116.jpg
NTS1-SW-605_5,https://cdn.globalso.com/aolga-hk/49.jpg
NTS1-SW-605_6,https://cdn.globalso.com/aolga-hk/219.jpg
NTS1-SW-605_7,https://cdn.globalso.com/aolga-hk/311.jpg
NTS1-SW-605_8,https://cdn.globalso.com/aolga-hk/AOLGA-Electric-Steam-Iron-SW-605（1）.jpg
NTS1-SW-605_9,https://cdn.globalso.com/aolga-hk/AOLGA-Electric-Steam-Iron-SW-605（2）.jpg
NTS1-SW-605_10,https://cdn.globalso.com/aolga-hk/AOLGA-Electric-Steam-Iron-SW-605.jpg
NTS1-1640T1-28,https://cdn.globalso.com/aolga-hk/1188.jpg
NTS1-1640T1-28_2,https://cdn.globalso.com/aolga-hk/2111.jpg
NTS1-1640T1-28_3,https://cdn.globalso.com/aolga-hk/未标题-132.jpg
NTS1-1640T1-28,https://cdn.globalso.com/aolga-hk/435.jpg
NTS1-1640T1-28_2,https://cdn.globalso.com/aolga-hk/522.jpg
NTS1-1640T1-28_3,https://cdn.globalso.com/aolga-hk/293.jpg
NTS1-1640T1-28_4,https://cdn.globalso.com/aolga-hk/370.jpg
NTS1-1338,https://cdn.globalso.com/aolga-hk/未标题-11.jpg
NTS1-1338_2,https://cdn.globalso.com/aolga-hk/316.jpg
NTS1-1338_3,https://cdn.globalso.com/aolga-hk/510.jpg
NTS1-1338_4,https://cdn.globalso.com/aolga-hk/417.jpg
NTS1-TCL-D,https://cdn.globalso.com/aolga-hk/tcl-1.jpg
NTS1-TCL-D_2,https://cdn.globalso.com/aolga-hk/3333.jpg
NTS1-TCL-D_3,https://cdn.globalso.com/aolga-hk/242.jpg
NTS1-TCL-D_4,https://cdn.globalso.com/aolga-hk/tcl-2.jpg
NTS1-TCL-D_5,https://cdn.globalso.com/aolga-hk/tcl-4.jpg
NTS1-TCL-D_6,https://cdn.globalso.com/aolga-hk/68.jpg
NTS1-TCL-D_7,https://cdn.globalso.com/aolga-hk/516.jpg
NTS1-CW300,https://cdn.globalso.com/aolga-hk/300-3.jpg
NTS1-CW300_2,https://cdn.globalso.com/aolga-hk/300-1.jpg
NTS1-CW300_3,https://cdn.globalso.com/aolga-hk/300-4.jpg
NTS1-CW300_4,https://cdn.globalso.com/aolga-hk/300-5.jpg
NTS1-CW300_5,https://cdn.globalso.com/aolga-hk/300-2.jpg
NTS1-CW269,https://cdn.globalso.com/aolga-hk/269-12.jpg
NTS1-CW269_2,https://cdn.globalso.com/aolga-hk/269-21.jpg
NTS1-CW276,https://cdn.globalso.com/aolga-hk/276-1.jpg
NTS1-CW276_2,https://cdn.globalso.com/aolga-hk/276-96.jpg
NTS1-CW276_3,https://cdn.globalso.com/aolga-hk/276-3.jpg
NTS1-CW276_4,https://cdn.globalso.com/aolga-hk/515.jpg
NTS1-CW275,https://cdn.globalso.com/aolga-hk/276-11.jpg
NTS1-CW275_2,https://cdn.globalso.com/aolga-hk/276-21.jpg
NTS1-CW275_3,https://cdn.globalso.com/aolga-hk/IMG_0607.jpg
NTS1-CW275_4,https://cdn.globalso.com/aolga-hk/KX0A0514.jpg
NTS1-CW275_5,https://cdn.globalso.com/aolga-hk/KX0A0531.jpg
NTS1-DP-20,https://cdn.globalso.com/aolga-hk/1134.jpg
NTS1-MP-30,https://cdn.globalso.com/aolga-hk/1133.jpg
NTS1-MP-30_2,https://cdn.globalso.com/aolga-hk/296.jpg
NTS1-MP-30_3,https://cdn.globalso.com/aolga-hk/371.jpg
NTS1-CW375,https://cdn.globalso.com/aolga-hk/375.jpg
NTS1-CW375_2,https://cdn.globalso.com/aolga-hk/375-1.jpg
NTS1-CW280,https://cdn.globalso.com/aolga-hk/420.jpg
NTS1-CW280_2,https://cdn.globalso.com/aolga-hk/138.jpg
NTS1-CW280_3,https://cdn.globalso.com/aolga-hk/216.jpg
NTS1-CW280_4,https://cdn.globalso.com/aolga-hk/37.jpg
NTS1-H7,https://cdn.globalso.com/aolga-hk/7-1.jpg
NTS1-H7_2,https://cdn.globalso.com/aolga-hk/7-3.jpg
NTS1-H7_3,https://cdn.globalso.com/aolga-hk/75-2.jpg
NTS1-K5,https://cdn.globalso.com/aolga-hk/5-1.jpg
NTS1-K5_2,https://cdn.globalso.com/aolga-hk/5-2.jpg
NTS1-995,https://cdn.globalso.com/aolga-hk/995.jpg
NTS1-266,https://cdn.globalso.com/aolga-hk/2261.jpg
NTS1-235,https://cdn.globalso.com/aolga-hk/1158.jpg
NTS1-266,https://cdn.globalso.com/aolga-hk/1155.jpg
NTS1-505,https://cdn.globalso.com/aolga-hk/1151.jpg
NTS1-505,https://cdn.globalso.com/aolga-hk/1152.jpg
NTS1-251,https://cdn.globalso.com/aolga-hk/1148.jpg
NTS1-251_2,https://cdn.globalso.com/aolga-hk/299.jpg
NTS1-289,https://cdn.globalso.com/aolga-hk/1149.jpg
NTS1-214-2,https://cdn.globalso.com/aolga-hk/1136.jpg
NTS1-261-1,https://cdn.globalso.com/aolga-hk/261-1.jpg
NTS1-262-1,https://cdn.globalso.com/aolga-hk/1143.jpg
NTS1-260,https://cdn.globalso.com/aolga-hk/1142.jpg
NTS1-260_2,https://cdn.globalso.com/aolga-hk/298.jpg
NTS1-YDXL-07,https://cdn.globalso.com/aolga-hk/1168.jpg
NTS1-YDXL-06,https://cdn.globalso.com/aolga-hk/1166.jpg
NTS1-YDXL-03,https://cdn.globalso.com/aolga-hk/1164.jpg
NTS1-YDXL-02,https://cdn.globalso.com/aolga-hk/1162.jpg
NTS1-YDXL-01,https://cdn.globalso.com/aolga-hk/1161.jpg
NTS1-YDXL-07,https://cdn.globalso.com/aolga-hk/未标题-130.jpg
NTS1-808,https://cdn.globalso.com/aolga-hk/1177.jpg
NTS1-908,https://cdn.globalso.com/aolga-hk/1176.jpg
NTS1-661218,https://cdn.globalso.com/aolga-hk/1174.jpg
NTS1-302016,https://cdn.globalso.com/aolga-hk/1172.jpg
NTS1-9702,https://cdn.globalso.com/aolga-hk/1171.jpg
NTS1-661211,https://cdn.globalso.com/aolga-hk/1170.jpg
